{"grad-norm":2.735980272293091,"batch-size":66,"lm loss":4.153288841247559,"num-zeros":0,"_step":1000,"_wandb":{"runtime":13774},"learning-rate":1.2499999968440534e-07,"_timestamp":1.7818745068971167e+09,"loss-scale":1,"samples vs steps":66000,"_runtime":13774.76651781}